Area,Address,Price,Bedrooms,Bathrooms,Sqft
"Austin, TX","602 Kingfisher Creek Dr, Austin, TX 78748","$610,000 ",5,4,"3,260"
"Austin, TX","3504 Black Granite Dr, Austin, TX 78744","$350,000 ",3,2,"1,463"
"Austin, TX","2512 Sunny Hills Dr #27, Austin, TX 78744","$124,900 ",3,2,"1,568"
"Austin, TX","1600 S 1st St #315, Austin, TX 78704","$194,898 ",1,1,435
"Austin, TX","8517 Deja Ave, Austin, TX 78747","$259,900 ",2,2,"1,084"
"Austin, TX","9017 Frostwood Trl, Austin, TX 78729","$450,000 ",4,3,"2,709"
"Austin, TX","5405 Teri Rd, Austin, TX 78744","$359,000 ",4,2,"1,551"
"Austin, TX","12400 Cedar St, Austin, TX 78732","$19,500,000 ",6,13,"15,394"
"Austin, TX","8114 Meandering Way, Austin, TX 78759","$850,000 ",3,4,"2,588"
"Austin, TX","14920 Ben Davis Dr, Austin, TX 78725","$299,999 ",3,2,"1,464"
"Austin, TX","4502 Kind Way, Austin, TX 78725","$265,000 ",3,3,"1,302"
"Austin, TX","2124 Burton Dr APT 127, Austin, TX 78741","$169,900 ",2,2,802
"Austin, TX","2500 Burleson Rd APT 618, Austin, TX 78741","$194,000 ",2,1,535
"Austin, TX","3300 Barksdale Dr, Austin, TX 78725","$379,999 ",4,3,"2,345"
"Austin, TX","2502 Chaparral Trl, Austin, TX 78744","$299,990 ",3,2,"1,435"
"Austin, TX","1210 Eleanor St, Austin, TX 78721","$500,000 ",3,2,"1,627"
"Austin, TX","4009 Rivercrest Dr, Austin, TX 78746","$18,885,000 ",4,5,"4,602"
"Austin, TX","5128 Concho Creek Bnd, Austin, TX 78735","$900,000 ",4,3,"2,686"
"Austin, TX","9717 Meadowheath Dr, Austin, TX 78729","$339,900 ",3,2,"1,420"
"Austin, TX","11604 D K Ranch Rd, Austin, TX 78759","$655,000 ",4,3,"2,645"
"Austin, TX","4402 Aqua Verde Dr, Austin, TX 78746","$13,495,000 ",5,6,"6,200"
"Austin, TX","4511 Inicio Ln #356, Austin, TX 78725","$275,000 ",3,2,"1,346"
"Austin, TX","5811 Eureka Dr, Austin, TX 78745","$375,000 ",3,2,"1,516"
"Austin, TX","4618 Esper Ln #337, Austin, TX 78725","$249,999 ",3,3,"1,321"
"Austin, TX","2209 Deleon Ct, Austin, TX 78733","$3,850,000 ",6,5,"5,850"
"Austin, TX","9403 Rowlands Sayle Rd, Austin, TX 78744","$349,900 ",3,3,"1,681"
"Austin, TX","6701 Oasis Pass, Austin, TX 78732","$1,899,000 ",5,6,"4,839"
"Austin, TX","250 Bright Sky Dr, Austin, TX 78737","$895,000 ",5,5,"3,755"
"Austin, TX","6207 John Chisum Ln, Austin, TX 78749","$599,000 ",3,3,"2,031"
"Austin, TX","5613 Kleberg Trl, Austin, TX 78747","$299,000 ",3,2,"1,643"
"Austin, TX","7337 Menchaca Rd #19, Austin, TX 78745","$495,000 ",4,3,"2,268"
"Austin, TX","2316 Rio Mesa Dr, Austin, TX 78732","$699,000 ",3,3,"2,673"
"Austin, TX","5205 Calais Ct, Austin, TX 78745","$505,000 ",4,2,"1,656"
"Austin, TX","1904 W 37th St, Austin, TX 78731","$2,425,000 ",5,5,"3,543"
"Austin, TX","1010 W Rundberg Ln APT 30, Austin, TX 78758","$255,000 ",2,2,"1,170"
"Austin, TX","1814 Airole Way, Austin, TX 78704","$1,500,000 ",4,2,"2,690"
"Austin, TX","7202 Carver Ave, Austin, TX 78752","$399,800 ",4,2,"1,724"
"Austin, TX","1109 W Oltorf St, Austin, TX 78704","$1,595,000 ",4,4,"2,666"
"Austin, TX","8416 Kali Cv, Austin, TX 78737","$1,449,000 ",4,3,"3,393"
"Austin, TX","14006 Panorama Dr, Austin, TX 78732","$1,999,888 ",5,6,"4,430"
"Austin, TX","2701 Northeast Dr #B-2, Austin, TX 78723","$323,900 ",4,3,"1,236"
"Austin, TX","5904 Westslope Dr, Austin, TX 78731","$1,695,000 ",3,4,"2,895"
"Austin, TX","4700 Prock Ln #A, Austin, TX 78721","$249,400 ",2,2,764
"Austin, TX","14920 Iveans Way, Austin, TX 78717","$1,050,000 ",5,3,"2,835"
"Austin, TX","2018 W Rundberg Ln APT 19B, Austin, TX 78758","$219,000 ",2,2,906
"Austin, TX","1903 Cullen Ave, Austin, TX 78757","$2,099,000 ",5,4,"3,412"
"Austin, TX","910 W Village Ln, Austin, TX 78758","$299,999 ",3,3,"1,137"
"Austin, TX","14200 Flat Top Ranch Rd, Austin, TX 78732","$7,900,000 ",7,11,"9,311"
"Austin, TX","903 Acorn Oaks Dr, Austin, TX 78745","$569,999 ",3,2,"1,359"
"Austin, TX","302 Starbright Dr, Austin, TX 78745","$549,900 ",4,3,"2,300"
"Austin, TX","2124 Burton Dr APT 158, Austin, TX 78741","$184,900 ",2,2,850
"Austin, TX","9203 Indian Quail Cir, Austin, TX 78758","$460,000 ",4,2,"2,209"
"Austin, TX","3 Bullick Hollow Rd, Austin, TX 78726","$400,000 ",,,
"Austin, TX","1212 Guadalupe St APT 505, Austin, TX 78701","$425,000 ",2,2,954
"Austin, TX","3603 Stoneridge Rd, Austin, TX 78746","$11,900,000 ",5,8,"7,961"
"Austin, TX","16822 Whitebrush Loop, Austin, TX 78717","$320,000 ",3,2,"1,200"
"Austin, TX","5700 Adair Dr, Austin, TX 78754","$379,000 ",3,2,"1,915"
"Austin, TX","11505 Ruffed Grouse Dr, Austin, TX 78758","$400,000 ",3,3,"1,422"
"Austin, TX","1601 Faro Dr APT 1901, Austin, TX 78741","$205,000 ",2,1,900
"Austin, TX","7724 Trailside Estates Blvd, Austin, TX 78724","$760,000 ",4,4,"3,736"
"Austin, TX","6302 Ogier Dr, Austin, TX 78724","$115,000 ",3,2,--
"Austin, TX","10506 Little Pebble Dr #B, Austin, TX 78758","$288,000 ",2,1,856
"Austin, TX","4516 Secure Ln, Austin, TX 78725","$285,000 ",3,3,"1,300"
"Austin, TX","12318 Marogot Run, Austin, TX 78758","$300,000 ",2,2,"1,034"
"Austin, TX","1712 S 5th St, Austin, TX 78704","$865,000 ",3,2,"1,062"
"Austin, TX","5816 Abilene Trl, Austin, TX 78749","$495,000 ",4,3,"1,845"
"Austin, TX","124 Newcastle Ct, Austin, TX 78737","$774,000 ",4,4,"2,828"
"Austin, TX","7028 Hillcroft Dr, Austin, TX 78724","$289,000 ",3,2,"1,162"
"Austin, TX","12601 Tierra Grande Trl, Austin, TX 78732","$721,000 ",3,2,"2,103"
"Austin, TX","1702 Rogge Ln, Austin, TX 78723","$550,000 ",4,3,"2,335"
"Austin, TX","2527 De Soto Dr, Austin, TX 78733","$600,000 ",3,2,"1,497"
"Austin, TX","3415 Crownover St, Austin, TX 78725","$289,900 ",3,2,"1,203"
"Austin, TX","Clarkesville Ave, Odessa, TX 79764","$126,000 ",,,
"Austin, TX","7100 Creedmoor Rd, Austin, TX 78719","$545,000 ",4,2,"1,804"
"Austin, TX","4415 Sinclair Ave, Austin, TX 78756","$1,065,000 ",3,2,"2,209"
"Austin, TX","1614 Bruton Springs Rd, Austin, TX 78733","$12,750,000 ",5,6,"5,108"
"Austin, TX","1108 Austin Highlands Blvd, Austin, TX 78745","$380,000 ",3,2,994
"Austin, TX","1602 Elmira Rd, Austin, TX 78721","$299,900 ",2,2,"1,200"
"Austin, TX","11310 Spicewood Club Dr APT 2, Austin, TX 78750","$350,000 ",2,3,"1,615"
"Austin, TX","10005 Shinnecock Hills Dr, Austin, TX 78747","$649,000 ",4,3,"3,426"
"Austin, TX","2401 Oakhaven Cir, Austin, TX 78704","$4,650,000 ",5,5,"4,500"
"Austin, TX","8612 Fireside Dr, Austin, TX 78757","$500,000 ",--,--,"1,674"
"Austin, TX","10201 Copper Ridge Cv, Austin, TX 78747","$349,900 ",3,2,"1,398"
"Austin, TX","1708 Timber Brush Trl, Austin, TX 78741","$250,000 ",2,3,"1,338"
"Austin, TX","5808 Kennedy St, Austin, TX 78747","$411,000 ",4,4,"2,302"
"Austin, TX","4800 Amarra Dr, Austin, TX 78735","$5,995,000 ",4,5,"5,150"
"Austin, TX","11203 Ranch Rd #2222-108, Austin, TX 78745","$400,000 ",3,3,"1,730"
"Austin, TX","6804 Capital Of Tx Hwy #821, Austin, TX 78750","$230,000 ",1,1,785
"Austin, TX","8614 Navidad Dr, Austin, TX 78735","$2,500,000 ",5,5,"4,355"
"Austin, TX","360 Nueces St APT 1406, Austin, TX 78701","$449,000 ",1,1,753
"Austin, TX","1021 Quail Park Dr, Austin, TX 78758","$540,000 ",4,2,"2,522"
"Austin, TX","3904 Veldt Dr, Austin, TX 78725","$95,000 ",,,
"Austin, TX","11418 Ptarmigan Dr, Austin, TX 78758","$399,000 ",5,4,"2,129"
"Austin, TX","15205 Wallaby Way, Austin, TX 78728","$375,000 ",3,2,"1,494"
"Austin, TX","6305 Clubway Ln, Austin, TX 78745","$417,500 ",3,2,"1,201"
"Austin, TX","10204 Aqua Azul Ct, Austin, TX 78733","$575,000 ",,,
"Austin, TX","3904 Mocha Trl, Austin, TX 78728","$549,000 ",5,4,"3,136"
"Austin, TX","2425 Ashdale Dr APT 24, Austin, TX 78757","$250,000 ",2,2,971
"Austin, TX","13202 Dauphine St, Austin, TX 78727","$345,000 ",3,3,"1,400"
"Austin, TX","3316 Guadalupe St APT 213, Austin, TX 78705","$190,000 ",1,1,399
"Austin, TX","6717 Oasis Pass, Austin, TX 78732","$6,500,000 ",4,7,"6,843"
"Austin, TX","5300 Daimler Dr, Austin, TX 78744","$379,999 ",3,3,"2,068"
"Austin, TX","6710 Stonleigh Pl, Austin, TX 78744","$335,000 ",4,2,"1,516"
"Austin, TX","12166 Metric Blvd APT 380, Austin, TX 78758","$275,000 ",2,2,"1,004"
"Austin, TX","7123 Silvermine Dr, Austin, TX 78736","$495,000 ",3,2,"1,305"
"Austin, TX","1700 Lakeshore Dr, Austin, TX 78746","$17,800,000 ",4,4,"3,968"
"Austin, TX","9502 Newberry Dr, Austin, TX 78729","$525,000 ",4,2,"2,031"
"Austin, TX","8224 Chalk Knoll Dr, Austin, TX 78735","$4,950,000 ",5,5,"6,796"
"Austin, TX","11807 Bracco Dr #2001, Austin, TX 78748","$365,000 ",3,3,"1,753"
"Austin, TX","5713 Whitebrook Dr, Austin, TX 78724","$588,000 ",3,3,"1,928"
"Austin, TX","621 Bissonet Ln, Austin, TX 78752","$480,000 ",3,2,"1,924"
"Austin, TX","16611 Denise Dr, Austin, TX 78717","$629,000 ",5,3,"2,844"
"Austin, TX","2209 Rae Dell Ave, Austin, TX 78704","$799,000 ",2,3,"1,190"
"Austin, TX","907 E Oltorf St, Austin, TX 78704","$450,000 ",3,3,"1,548"
"Austin, TX","Adams Plan, Sunfield","$283,990+",3,2,"1,207"
"Austin, TX","9322 Knoll Crest Loop, Austin, TX 78759","$759,900 ",3,3,"2,138"
"Austin, TX","10230 Scull Creek Dr, Austin, TX 78730","$819,000 ",4,2,"2,235"
"Austin, TX","6901 Greenshores Dr APT 4, Austin, TX 78730","$13,500,000 ",6,8,"9,083"
"Austin, TX","8114 West Ct, Austin, TX 78759","$725,000 ",4,4,"3,192"
"Austin, TX","6507 Bridge Point Pkwy UNIT FERN 1A, Austin, TX 78730","$13,975,000 ",4,5,"3,926"
"Austin, TX","3104 Barton Creek Blvd, Austin, TX 78735","$1,499,900 ",4,5,"3,270"
"Austin, TX","11004 Friar Villa Dr, Austin, TX 78737","$2,000,000 ",5,5,"4,326"
"Austin, TX","7006 Montana St, Austin, TX 78741","$359,900 ",3,3,"1,329"
"Austin, TX","5617 Lehman Way, Austin, TX 78747","$439,000 ",4,3,"2,171"
"Austin, TX","509 Mulberry Dr, Austin, TX 78745","$435,000 ",3,2,"1,487"
"Austin, TX","4507 Avenue D, Austin, TX 78751","$600,000 ",2,2,"1,036"
"Austin, TX","4702 Dove Springs Dr, Austin, TX 78744","$339,000 ",3,2,"1,215"
"Austin, TX","7512 Downridge Dr, Austin, TX 78731","$800,000 ",3,3,"2,606"
"Austin, TX","2313 Hartford Rd, Austin, TX 78703","$2,750,000 ",4,3,"3,453"
"Austin, TX","1015 E Yager Ln UNIT 164, Austin, TX 78753","$220,000 ",2,1,734
"Austin, TX","10708 Newmont Rd, Austin, TX 78758","$349,000 ",4,2,"1,794"
"Austin, TX","9622 Woodvale Dr, Austin, TX 78729","$475,000 ",3,3,"1,924"
"Austin, TX","4321 City Park Rd, Austin, TX 78730","$6,950,000 ",5,6,"5,394"
"Austin, TX","9505 N Creek Dr, Austin, TX 78753","$299,000 ",3,1,"1,284"
"Austin, TX","5505 Honey Dew Ter, Austin, TX 78749","$450,000 ",3,2,"1,319"
"Austin, TX","1803 Running Brook Dr, Austin, TX 78723","$995,000 ",3,3,"2,249"
"Austin, TX","1909 Fair Oaks Dr, Austin, TX 78745","$449,000 ",3,3,"1,808"
"Austin, TX","1300 Village West Dr, Austin, TX 78733","$1,920,000 ",5,5,"4,198"
"Austin, TX","709 Santaluz Path, Austin, TX 78732","$1,595,000 ",5,4,"4,198"
"Austin, TX","44 East Ave #3406, Austin, TX 78701","$777,000 ",2,2,796
"Austin, TX","710 Colorado St APT 5I, Austin, TX 78701","$699,000 ",2,2,"1,282"
"Austin, TX","907 Firebranch Trl, Austin, TX 78748","$469,000 ",3,3,"1,886"
"Austin, TX","3701 Caney Creek Rd, Austin, TX 78732","$628,000 ",4,4,"2,996"
"Austin, TX","9204 Cessna Ln, Austin, TX 78717","$875,000 ",5,4,"3,976"
"Austin, TX","12114 Shetland Chas, Austin, TX 78727","$779,900 ",4,2,"2,229"
"Austin, TX","8601 Westgate Cir #8203, Austin, TX 78746","$179,950 ",1,1,696
"Austin, TX","11425 Gossamer Dr, Austin, TX 78754","$399,900 ",3,2,"1,889"
"Austin, TX","5927 Highland Hills Dr, Austin, TX 78731","$1,300,000 ",4,3,"2,766"
"Austin, TX","2106 Singletree Ave, Austin, TX 78727","$329,000 ",3,2,"1,346"
"Austin, TX","9912 Deer Chase Trl, Austin, TX 78747","$348,000 ",3,2,"1,527"
"Austin, TX","1904 E 16th St #2, Austin, TX 78702","$515,000 ",1,1,361
"Austin, TX","701 Clear Stream Xing, Austin, TX 78753","$709,000 ",4,4,"2,794"
"Austin, TX","603 E 47th St, Austin, TX 78751","$1,975,000 ",4,4,"2,813"
"Austin, TX","1717 Rockbridge Ter, Austin, TX 78741","$429,999 ",3,1,"1,069"
"Austin, TX","6608 E Hill Dr, Austin, TX 78731","$549,000 ",3,3,"1,780"
"Austin, TX","7403 Mifflin Kenedy Ter, Austin, TX 78749","$625,000 ",3,3,"2,014"
"Austin, TX","16413 Along Creek Cv, Austin, TX 78717","$950,000 ",5,4,"3,744"
"Austin, TX","9503 Oriole Dr, Austin, TX 78753","$395,000 ",3,2,988
"Austin, TX","10504 Silktail Cv, Austin, TX 78730","$879,000 ",4,2,"3,011"
"Austin, TX","7804 Turquoise Trl, Austin, TX 78749","$395,000 ",3,2,"1,452"
"Austin, TX","9204 Heatherwood Dr, Austin, TX 78748","$799,500 ",5,3,"2,789"
"Austin, TX","1401 N Weston Ln, Austin, TX 78733","$9,995,000 ",4,6,"5,593"
"Austin, TX","7825 Beauregard Cir APT 7, Austin, TX 78745","$450,000 ",4,6,"2,186"
"Austin, TX","1101 Shoal Creek Blvd APT 20, Austin, TX 78701","$380,000 ",2,1,826
"Austin, TX","2413 N Cuernavaca Dr, Austin, TX 78733","$845,000 ",3,2,"2,054"
"Austin, TX","6403 Chimney Creek Cir #A, Austin, TX 78723","$304,900 ",3,3,"1,239"
"Austin, TX","4306 Mount Vernon Dr, Austin, TX 78745","$549,900 ",3,2,"1,572"
"Austin, TX","7728 Marble Crest Dr, Austin, TX 78747","$450,000 ",4,3,"2,912"
"Austin, TX","7300 Roaring Springs Dr, Austin, TX 78736","$1,100,000 ",4,4,"3,973"
"Austin, TX","4511 Island Cv, Austin, TX 78731","$7,475,000 ",5,6,"7,755"
"Austin, TX","11412 Sweet Basil Ct, Austin, TX 78726","$619,000 ",3,2,"2,111"
"Austin, TX","1801 Palma Plz, Austin, TX 78703","$2,249,000 ",4,3,"2,768"
"Austin, TX","2707 Wooldridge Dr, Austin, TX 78703","$5,600,000 ",5,6,"4,632"
"Austin, TX","14024 Tyburn Trl, Austin, TX 78717","$792,000 ",4,4,"3,275"
"Austin, TX","10656 Bramblecrest Dr, Austin, TX 78726","$849,500 ",5,5,"3,518"
"Austin, TX","209 Powell Ln E, Austin, TX 78753","$99,000 ",,,
"Austin, TX","200 Brandon Way, Austin, TX 78733","$4,800,000 ",5,7,"7,770"
"Austin, TX","6203 Turtle Dove Dr, Austin, TX 78744","$289,900 ",3,2,"1,282"
"Austin, TX","4814 Avenue G, Austin, TX 78751","$695,000 ",3,3,"1,544"
"Austin, TX","7203 Wink Way, Austin, TX 78744","$571,199 ",5,4,"3,475"
"Austin, TX","1601 Ridgehaven Dr, Austin, TX 78723","$445,000 ",3,2,"1,300"
"Austin, TX","14900 Copper Ridge Ln, Austin, TX 78734","$2,049,000 ",5,5,"5,270"
"Austin, TX","1135 Barton Hills Dr APT 114, Austin, TX 78704","$525,000 ",2,2,"1,204"
"Austin, TX","9900 Chukar Bnd, Austin, TX 78758","$325,000 ",4,2,"1,594"
"Austin, TX","7855 Escala Dr, Austin, TX 78735","$9,999,000 ",5,7,"10,396"
"Austin, TX","12700 La Salle Dr, Austin, TX 78727","$399,000 ",3,2,"1,326"
"Austin, TX","12005 Mossbrook Cv, Austin, TX 78750","$825,000 ",4,3,"2,400"
"Austin, TX","12014 Bobcat Trl, Austin, TX 78750","$600,000 ",4,3,"1,840"
"Austin, TX","8623 Putnam Dr APT B, Austin, TX 78757","$255,000 ",2,2,"1,001"
"Austin, TX","11961 Overlook Pass, Austin, TX 78738","$4,750,000 ",,,
"Austin, TX","1804 Capital Pkwy APT 25, Austin, TX 78746","$435,000 ",2,2,"1,220"
"Austin, TX","913 Duncan Ln #103, Austin, TX 78705","$345,000 ",1,1,701
"Austin, TX","8509 Bluegrass Dr, Austin, TX 78759","$600,000 ",,,
"Austin, TX","9201 Brodie Ln UNIT 101, Austin, TX 78748","$290,000 ",2,2,"1,089"
"Austin, TX","7701 Rialto Blvd APT 1337, Austin, TX 78735","$350,000 ",3,2,"1,342"
"Austin, TX","310 Riva Ridge Pl, Austin, TX 78737","$1,349,000 ",3,4,"3,179"
"Austin, TX","4815 Misty Slope Ln, Austin, TX 78744","$255,000 ",2,2,"1,226"
"Austin, TX","1300 Broadmoor Dr, Austin, TX 78723","$599,900 ",3,2,"1,079"
"Austin, TX","4811 Gray Fox Dr, Austin, TX 78759","$499,990 ",4,2,"1,812"
"Austin, TX","2705-2705 1/2 Stratford Dr, Austin, TX 78746","$6,350,000 ",5,5,"4,776"
"Austin, TX","5926 Fairlane Dr, Austin, TX 78757","$2,650,000 ",5,4,"3,563"
"Austin, TX","9104 Country Canyon Cv, Austin, TX 78759","$799,999 ",3,3,"2,324"
"Austin, TX","6003 Mojave Dr, Austin, TX 78745","$1,490,000 ",4,4,"3,050"
"Austin, TX","1517 Geoffs Dr, Austin, TX 78748","$375,000 ",4,2,"1,680"
"Austin, TX","2904 Dancy St, Austin, TX 78722","$1,150,000 ",3,3,"2,045"
"Austin, TX","4709 Trail Crest Cir, Austin, TX 78735","$975,000 ",3,2,"2,111"
"Austin, TX","1303 Canyon Edge Dr, Austin, TX 78733","$1,500,000 ",4,4,"3,411"
"Austin, TX","1625 Forest Trl, Austin, TX 78703","$1,575,000 ",3,2,"1,878"
"Austin, TX","10920 Pilgrimage Dr, Austin, TX 78754","$385,000 ",3,3,"1,591"
"Austin, TX","5933 Lux St, Austin, TX 78721","$649,999 ",3,2,"1,592"
"Austin, TX","3904 Dry Creek Dr, Austin, TX 78731","$799,000 ",3,2,"1,973"
"Austin, TX","41 Waller St APT 107, Austin, TX 78702","$475,000 ",2,1,936
"Austin, TX","200 Congress Ave UNIT 50T, Austin, TX 78701","$13,000,000 ",3,5,"5,050"
"Austin, TX","7927 Mesa Trails Cir, Austin, TX 78731","$750,000 ",3,2,"2,237"
"Austin, TX","2948 Eckert St, Austin, TX 78722","$399,000 ",2,1,853
"Austin, TX","Taft Plan, Sunfield","$310,990+",3,2,"1,517"
"Austin, TX","7813 Mullen Dr #A, Austin, TX 78757","$815,000 ",3,3,"2,039"
"Austin, TX","2407 Shiloh Dr, Austin, TX 78745","$715,000 ",3,3,"1,693"
"Austin, TX","1802 New York Ave #2, Austin, TX 78702","$1,075,000 ",3,3,"1,494"
"Austin, TX","2101 Lamplight Village Cir, Austin, TX 78727","$550,000 ",6,6,"2,400"
"Austin, TX","12100 W Cow Path, Austin, TX 78727","$2,200,000 ",5,5,"4,273"
"Austin, TX","1508 Sirius Cv, Austin, TX 78732","$1,090,000 ",5,4,"3,682"
"Austin, TX","10502 Foundation Rd, Austin, TX 78726","$749,900 ",5,4,"3,194"
"Austin, TX","10429 Steamboat Dr, Austin, TX 78749","$750,000 ",4,3,"3,344"
"Austin, TX","5504 Lipan Apache Bnd, Austin, TX 78738","$899,990 ",5,5,"4,302"
"Austin, TX","1401 Anhalt Dr #44B, Pflugerville, TX 78660","$300,000 ",2,2,"1,310"
"Austin, TX","1015 E Yager Ln UNIT 204, Austin, TX 78753","$269,999 ",2,2,"1,004"
"Austin, TX","11705 Day Camp Ln, Austin, TX 78754","$376,500 ",3,2,"1,766"
"Austin, TX","4423 Jester Dr, Austin, TX 78745","$2,059,000 ",5,5,"3,543"
"Austin, TX","1809 Chestnut Ave #1, Austin, TX 78702","$649,900 ",3,3,"1,752"
"Austin, TX","2205 E Stassney Ln, Austin, TX 78744","$495,000 ",4,5,"2,016"
"Austin, TX","755 E Oltorf St APT 101, Austin, TX 78704","$376,800 ",3,2,"1,280"
"Austin, TX","4704 Running Deer Dr, Austin, TX 78759","$449,900 ",3,2,"1,837"
"Austin, TX","4809 Copperbend Blvd, Austin, TX 78744","$395,000 ",4,3,"1,419"
"Austin, TX","2715 Jorwoods Dr, Austin, TX 78745","$799,000 ",4,3,"2,231"
"Austin, TX","204 Bella Vista Cv, Austin, TX 78734","$4,980,000 ",6,8,"7,837"
"Austin, TX","3908 Island Knoll Dr, Austin, TX 78746","$5,995,000 ",4,6,"4,990"
"Austin, TX","11901-11901Q Swearingen Dr #89-Q, Austin, TX 78758","$235,000 ",2,2,829
"Austin, TX","5707 Purple Sage Dr, Austin, TX 78724","$349,000 ",4,2,"1,508"
"Austin, TX","1904 Forestglade Dr, Austin, TX 78745","$599,000 ",3,2,"1,242"
"Austin, TX","13021 Dessau Rd LOT 151, Austin, TX 78754","$69,000 ",3,2,"1,216"
"Austin, TX","2624 Deerfoot Trl, Austin, TX 78704","$5,300,000 ",4,4,"4,313"
"Austin, TX","9417 Hunter Ln, Austin, TX 78748","$493,000 ",3,3,"1,668"
"Austin, TX","400 Hummingbird Ln #B, Austin, TX 78734","$564,900 ",4,4,"2,524"
"Austin, TX","4402 Garnett St, Austin, TX 78745","$460,000 ",3,2,"1,275"
"Austin, TX","701 Oakland Ave UNIT A, Austin, TX 78703","$999,000 ",2,3,"1,397"
"Austin, TX","6428 Magenta Ln, Austin, TX 78739","$1,084,900 ",4,5,"3,672"
"Austin, TX","2801 Ashdale Dr, Austin, TX 78757","$520,000 ",3,2,"1,318"
"Austin, TX","3402 Blumie St, Austin, TX 78745","$699,000 ",4,2,"3,000"
"Austin, TX","7805 Varcella Trl, Austin, TX 78729","$499,950 ",4,3,"2,182"
"Austin, TX","44 East Ave #1803, Austin, TX 78701","$650,000 ",1,1,618
"Austin, TX","4614 Trail Crest Cir, Austin, TX 78735","$725,000 ",3,2,"2,070"
"Austin, TX","1605 Pepperbark Ln #126, Austin, TX 78748","$459,900 ",3,3,"1,909"
"Austin, TX","11808 Copperstone Ave #139, Austin, TX 78748","$430,000 ",4,2,"1,686"
"Austin, TX","1512 Dexter St, Austin, TX 78704","$2,695,000 ",4,4,"2,340"
"Austin, TX","44 East Ave #4502, Austin, TX 78701","$9,900,000 ",3,4,"5,037"
"Austin, TX","12803 Michelangelo St #1102, Austin, TX 78729","$389,000 ",3,3,"1,945"
"Austin, TX","2008 Peoples St, Austin, TX 78702","$400,000 ",3,1,973
"Austin, TX","10501 Turnbull Loop UNIT 14, Austin, TX 78717","$509,999 ",3,3,"1,977"
"Austin, TX","11210 Long Branch Dr, Austin, TX 78736","$929,900 ",3,2,"1,839"
"Austin, TX","3300 Desert Willow Cv, Austin, TX 78735","$2,650,000 ",4,4,"4,444"
"Austin, TX","2306 Fortune Dr, Austin, TX 78704","$4,950,000 ",6,7,"5,716"
"Austin, TX","1424 Elbe St, Pflugerville, TX 78660","$425,000 ",4,3,"2,355"
"Austin, TX","6004 Cooing Ct, Austin, TX 78744","$300,000 ",3,1,"1,244"
"Austin, TX","5612 Silver Screen Dr, Austin, TX 78747","$319,000 ",3,3,"1,820"
"Austin, TX","9248 Sandstone St, Austin, TX 78737","$2,490,000 ",5,5,"3,903"
"Austin, TX","905 Park Village Cv, Austin, TX 78758","$295,000 ",3,2,"1,237"
"Austin, TX","6613 Candle Ridge Cv, Austin, TX 78731","$995,000 ",4,4,"2,823"
"Austin, TX","14511 Cottingham Dr, Austin, TX 78725","$350,000 ",3,2,"1,737"
"Austin, TX","907 Speer Ln, Austin, TX 78745","$485,000 ",3,2,"1,526"
"Austin, TX","311 E 54th St, Austin, TX 78751","$699,000 ",2,3,939
"Austin, TX","5833 Kleberg Trl, Austin, TX 78747","$312,500 ",3,2,"1,290"
"Austin, TX","7206 Bertram Ct, Austin, TX 78741","$480,000 ",3,3,"1,606"
"Austin, TX","5405 Emerald Forest Dr, Austin, TX 78745","$675,000 ",3,2,"1,719"
"Austin, TX","1910 Robbins Pl APT 301, Austin, TX 78705","$355,000 ",2,2,"1,230"
"Austin, TX","906 Capitol Ct #A, Austin, TX 78756","$375,000 ",1,1,540
"Austin, TX","2036 Wimberly Ln, Austin, TX 78735","$1,195,000 ",2,3,"2,850"
"Austin, TX","909 Reinli St APT 107, Austin, TX 78751","$320,000 ",3,3,"1,260"
"Austin, TX","5602 Windward Dr, Austin, TX 78723","$595,000 ",4,2,"2,030"
"Austin, TX","2609 Bear Springs Trl, Austin, TX 78748","$1,489,000 ",5,5,"4,886"
"Austin, TX","5800 Copse Ct #103, Austin, TX 78744","$369,000 ",4,3,"1,931"
"Austin, TX","1412 E 3rd St #A, Austin, TX 78702","$1,450,000 ",3,4,"2,328"
"Austin, TX","8004 Journeyville Dr, Austin, TX 78735","$895,000 ",4,4,"3,540"
"Austin, TX","2016 Northridge Dr, Austin, TX 78723","$649,900 ",4,2,"1,772"
"Austin, TX","4506 Wild Dunes Ct, Austin, TX 78747","$549,959 ",3,3,"2,540"
"Austin, TX","6725 Kalahari Dr, Austin, TX 78739","$1,029,000 ",4,4,"3,000"
"Austin, TX","5406 Sunshine Dr, Austin, TX 78756","$975,000 ",4,4,"2,345"
"Austin, TX","6509 Way Ln, Austin, TX 78739","$859,000 ",5,4,"2,978"
"Austin, TX","13105 Mansfield Cir, Austin, TX 78732","$1,100,000 ",3,2,"2,272"
"Austin, TX","17311 Hattie Trce, Austin, TX 78738","$695,990 ",4,3,"2,743"
"Austin, TX","2508 Lehigh Dr, Austin, TX 78723","$629,900 ",3,2,"1,865"
"Austin, TX","6013 Madrone Tree Ln, Austin, TX 78738","$3,125,000 ",5,6,"4,513"
"Austin, TX","1307 W 12th St, Austin, TX 78703","$1,100,000 ",4,3,"1,968"
"Austin, TX","6800 Raccoon Run, Austin, TX 78736","$580,000 ",3,3,"1,604"
"Austin, TX","3405 Dunliegh Dr, Austin, TX 78745","$360,000 ",3,2,"1,063"
"Austin, TX","Concerto Plan, Parten 85s","$945,990+",4,4,"3,995"
"Austin, TX","11000 Scotland Well Dr, Austin, TX 78750","$834,900 ",4,3,"2,782"
"Austin, TX","1208 Garner Ave, Austin, TX 78704","$3,999,000 ",4,5,"3,844"
"Austin, TX","1710 Rockland Dr, Austin, TX 78748","$412,500 ",3,3,"1,610"
"Austin, TX","2409 Equestrian Trl, Austin, TX 78727","$585,000 ",3,3,"2,644"
"Austin, TX","1207 Romeria Dr, Austin, TX 78757","$899,000 ",3,2,"1,229"
"Austin, TX","4101 Harcourt Dr, Austin, TX 78727","$624,900 ",4,3,"1,914"
"Austin, TX","6020 Springdale Rd #2, Austin, TX 78723","$499,000 ",3,3,"1,595"
"Austin, TX","5410 Pendleton Ln, Austin, TX 78723","$749,500 ",4,3,"2,298"
"Austin, TX","710 Colorado St APT 9F, Austin, TX 78701","$400,000 ",1,1,637
"Austin, TX","2419 Westlake Dr, Austin, TX 78746","$3,915,000 ",3,4,"2,822"
"Austin, TX","13333 Bright Sky Overlook, Austin, TX 78732","$1,399,000 ",4,4,"4,000"
"Austin, TX","10927 Sierra Oaks, Austin, TX 78759","$545,000 ",3,2,"1,800"
"Austin, TX","2204 Mimosa Dr, Austin, TX 78745","$989,000 ",4,3,"2,379"
"Austin, TX","5608 Courtyard Cv, Austin, TX 78731","$1,170,000 ",4,3,"2,304"
"Austin, TX","14145 Bear Creek Pass, Austin, TX 78737","$5,495,000 ",8,8,--
"Austin, TX","5203 Avenue G #2, Austin, TX 78751","$650,000 ",3,2,"1,095"
"Austin, TX","2800 Cherry Ln, Austin, TX 78703","$1,785,000 ",4,3,"2,690"
"Austin, TX","1206 Angelina St, Austin, TX 78702","$399,000 ",1,1,448
"Austin, TX","15031 Wells Port Dr, Austin, TX 78728","$399,900 ",3,3,"1,516"
"Austin, TX","4332 Palladio Dr, Austin, TX 78731","$3,199,000 ",5,5,"5,392"
"Austin, TX","6206 Marigold Ter, Austin, TX 78741","$249,990 ",3,1,920
"Austin, TX","4512 Mount Vernon Dr #2, Austin, TX 78745","$549,000 ",2,3,"1,045"
"Austin, TX","Settler Plan, Goodnight Ranch 40'","$549,990+",3,3,"2,436"
"Austin, TX","16717 Horondelle Dr, Austin, TX 78738","$999,500 ",4,4,"3,092"
"Austin, TX","6105 Hill Forest Dr, Austin, TX 78749","$585,000 ",4,5,"2,218"
"Austin, TX","201 Northcrest Cir, Austin, TX 78752","$450,000 ",4,2,"2,280"
"Austin, TX","707 W Johanna St #B, Austin, TX 78704","$1,495,000 ",3,3,"2,200"
"Austin, TX","3904 Ridgelea Dr, Austin, TX 78731","$785,000 ",3,2,"1,353"
"Austin, TX","1609 Chesterwood Cv, Austin, TX 78746","$1,400,000 ",4,3,"2,762"
"Austin, TX","1003 Berrywood Dr, Austin, TX 78753","$499,000 ",4,3,"2,212"
"Austin, TX","2476 Waymaker Way, Austin, TX 78746","$5,850,000 ",5,6,"5,820"
"Austin, TX","4005 Burnet Rd, Austin, TX 78756","$995,000 ",3,2,"1,762"
"Austin, TX","1402 Dwyce Dr, Austin, TX 78757","$625,000 ",3,2,"1,430"
"Austin, TX","4361 S Congress Ave UNIT 513, Austin, TX 78745","$275,000 ",1,1,825
"Austin, TX","2507 El Greco Cv, Austin, TX 78703","$2,600,000 ",5,5,"5,489"
"Austin, TX","6401 Gunflint Dr, Austin, TX 78747","$365,000 ",3,2,"1,500"
"Austin, TX","276 Drury Ln, Austin, TX 78737","$625,000 ",4,3,"2,557"
"Austin, TX","9208 Alex Ln, Austin, TX 78748","$579,000 ",4,4,"2,480"
"Austin, TX","3926 Leafield Dr, Austin, TX 78749","$585,000 ",3,2,"1,469"
"Austin, TX","6006 Twin Valley Cv, Austin, TX 78731","$2,000,000 ",4,4,"3,548"
"Austin, TX","304 E 33rd St APT 17, Austin, TX 78705","$199,900 ",1,1,432
"Austin, TX","8404 Etienne Cv, Austin, TX 78759","$1,249,000 ",4,3,"2,907"
"Austin, TX","1910 Robbins Pl APT 311, Austin, TX 78705","$439,900 ",2,2,"1,230"
"Austin, TX","3204 Tilmon Ln, Austin, TX 78725","$305,000 ",3,2,"1,521"
"Austin, TX","6309 Capriola Dr, Austin, TX 78745","$424,900 ",3,2,"1,379"
"Austin, TX","3101 Govalle Ave #103, Austin, TX 78702","$424,000 ",2,2,"1,040"
"Austin, TX","5400 Juniper Junction Ln #74, Austin, TX 78744","$344,900 ",3,3,"1,479"
"Austin, TX","11732 Day Camp Ln, Austin, TX 78754","$449,900 ",4,3,"2,679"
"Austin, TX","2103 Monarch Dr, Austin, TX 78748","$550,000 ",3,2,"1,826"
"Austin, TX","1901 Vista Ln, Austin, TX 78703","$4,450,000 ",4,5,"4,088"
"Austin, TX","1707 Lovingood Dr, Austin, TX 78721","$329,900 ",2,1,686
"Austin, TX","8700 Calera Dr, Austin, TX 78735","$4,445,000 ",5,7,"5,603"
"Austin, TX","6513 Walebridge Ln, Austin, TX 78739","$899,900 ",5,3,"3,019"
"Austin, TX","8704 Azalea Trl, Austin, TX 78759","$1,175,000 ",4,3,"2,100"
"Austin, TX","507 Sabine St APT 408, Austin, TX 78701","$469,000 ",2,1,951
"Austin, TX","5501 Highland Crest Dr, Austin, TX 78731","$1,300,000 ",3,3,"2,350"
"Austin, TX","301 West Ave #5604, Austin, TX 78701","$5,600,000 ",3,4,"3,514"
"Austin, TX","401 Heartwood Dr, Austin, TX 78745","$500,000 ",4,2,"1,804"
"Austin, TX","12214 Cottage Promenade Ct, Austin, TX 78753","$499,000 ",4,3,"2,426"
"Austin, TX","410 Krebs Ln #B, Austin, TX 78704","$675,000 ",2,3,"1,100"
"Austin, TX","305 White Oak Dr #A & B, Austin, TX 78753","$524,500 ",4,2,"1,764"
"Austin, TX","4511 Dudmar Dr, Austin, TX 78735","$559,000 ",4,3,"1,439"
"Austin, TX","805 Great Britain Blvd, Austin, TX 78748","$424,900 ",3,2,"1,229"
"Austin, TX","6804 N Capital Of Texas Hwy APT 714, Austin, TX 78731","$330,000 ",2,2,"1,197"
"Austin, TX","7105 Foxtree Cv, Austin, TX 78750","$1,550,000 ",4,4,"4,001"
"Austin, TX","4009 Great Plains Dr, Austin, TX 78735","$850,000 ",4,2,"2,408"
"Austin, TX","2519 Harris Blvd, Austin, TX 78703","$2,585,000 ",3,3,"3,323"
"Austin, TX","11508 Easy St, Austin, TX 78748","$395,000 ",3,2,"1,522"
"Austin, TX","6507 Hergotz Ln, Austin, TX 78742","$210,000 ",2,1,792
"Austin, TX","2425 E Stassney Ln, Austin, TX 78744","$330,000 ",3,2,"1,170"
"Austin, TX","7211 Lakewood Dr #C-112, Austin, TX 78750","$400,000 ",2,2,"1,100"
"Austin, TX","2450 Wickersham Ln #P1604, Austin, TX 78741","$275,000 ",2,2,"1,060"
"Austin, TX","2807 Rockingham Dr, Austin, TX 78704","$1,250,000 ",4,3,"2,099"
"Austin, TX","9109 Golden Leaf Dr #53, Austin, TX 78748","$575,000 ",4,3,"2,507"
"Austin, TX","2301 Claudia June Ave, Austin, TX 78728","$388,900 ",3,3,"1,308"
"Austin, TX","3905 Becker Ave, Austin, TX 78751","$989,000 ",4,3,"2,300"
"Austin, TX","1101 Village West Dr, Austin, TX 78733","$1,825,000 ",4,5,"3,491"
"Austin, TX","15213 Interlachen Dr, Austin, TX 78717","$775,000 ",4,3,"3,023"
"Austin, TX","11101 Spicewood Club Dr, Austin, TX 78750","$1,510,000 ",4,4,"3,548"
"Austin, TX","1713 Gaylord Dr, Austin, TX 78728","$449,900 ",4,3,"1,946"
"Austin, TX","8507 La Tosca Dr, Austin, TX 78737","$925,000 ",4,4,"2,284"
"Austin, TX","13800 Ashton Woods Cir, Austin, TX 78727","$364,900 ",3,2,"1,500"
"Austin, TX","708 Marly Way, Austin, TX 78733","$4,750,000 ",5,5,"6,698"
"Austin, TX","16008 Canard Cir, Austin, TX 78734","$1,699,000 ",5,5,"6,004"
"Austin, TX","5302 Roosevelt Ave, Austin, TX 78756","$1,294,900 ",4,3,"2,638"
"Austin, TX","2101 N Lamar Blvd APT 5, Austin, TX 78705","$799,000 ",4,3,"2,567"
"Austin, TX","13206 Adonis Dr, Austin, TX 78729","$535,000 ",4,3,"2,589"
"Austin, TX","901 Wayside Dr, Austin, TX 78703","$3,496,000 ",6,4,"3,642"
"Austin, TX","6312 Wavell Pl, Austin, TX 78738","$649,900 ",3,3,"2,127"
"Austin, TX","9015 Cattle Baron Path UNIT 1001, Austin, TX 78747","$374,990 ",3,3,"1,493"
"Austin, TX","313 S Flamingo Dr, Austin, TX 78734","$760,000 ",4,3,"2,733"
"Austin, TX","2703 Sherwood Ln, Austin, TX 78704","$850,000 ",3,2,"1,674"
"Austin, TX","4205 Plantain Cv, Austin, TX 78730","$1,750,000 ",3,2,"3,016"
"Austin, TX","1604 Meander Dr, Austin, TX 78721","$429,999 ",2,2,816
"Austin, TX","1811 Brackenridge St, Austin, TX 78704","$1,975,000 ",3,2,"2,028"
"Austin, TX","6208 Antigo Ln, Austin, TX 78739","$775,000 ",4,4,"2,867"
"Austin, TX","3113 Sun Drenched Path, Austin, TX 78732","$1,075,000 ",3,4,"3,986"
"Austin, TX","904 W 21st St APT 218, Austin, TX 78705","$420,000 ",3,2,"1,103"
"Austin, TX","403 Hackberry Ln APT B, Austin, TX 78753","$799,000 ",3,3,"2,118"
"Austin, TX","2601 Barton Hills Dr, Austin, TX 78704","$5,000,000 ",5,5,"4,394"
"Austin, TX","11036 Short Springs Dr, Austin, TX 78754","$359,900 ",5,3,"2,026"
"Austin, TX","907 Acorn Oaks Dr, Austin, TX 78745","$375,000 ",3,2,"1,260"
"Austin, TX","12741 Mogador St, Manor, TX 78653","$477,846 ",6,4,"2,502"
"Austin, TX","12 Scott Cres, Austin, TX 78703","$1,050,000 ",3,2,"1,468"
"Austin, TX","12612 Karasu Dr, Manor, TX 78653","$488,206 ",5,4,"2,505"
"Austin, TX","1307 Neans Dr, Austin, TX 78758","$499,000 ",3,2,"1,679"
"Austin, TX","3605 Winfield Cv, Austin, TX 78704","$730,000 ",3,3,"1,683"
"Austin, TX","200 Monarch Ln, Austin, TX 78737","$870,000 ",6,4,"4,072"
"Austin, TX","1600 Rio Grande St, Austin, TX 78701","$2,999,000 ",4,4,"3,370"
"Austin, TX","5311 Spring Meadow Rd, Austin, TX 78744","$550,000 ",6,4,"1,914"
"Austin, TX","4810 Aberdeen Dr, Austin, TX 78745","$480,000 ",3,2,"1,051"
"Austin, TX","2501 Exposition Blvd, Austin, TX 78703","$1,195,000 ",3,2,"2,483"
"Austin, TX","5902 Cannon Mountain Dr, Austin, TX 78749","$499,000 ",3,2,"1,502"
"Austin, TX","8017 Davis Mountain Pass, Austin, TX 78726","$650,000 ",4,3,"3,007"
"Austin, TX","6910 Hart Ln APT 804, Austin, TX 78731","$390,000 ",3,2,"1,212"
"Austin, TX","2104 Cullen Ave #7-209, Austin, TX 78757","$274,990 ",2,2,699
"Austin, TX","1510 Alguno Rd, Austin, TX 78757","$699,900 ",3,2,"1,608"
"Austin, TX","2302 E 11th St, Austin, TX 78702","$2,000,000 ",3,3,"2,400"
"Austin, TX","1717 Bluebonnet Ln, Austin, TX 78704","$875,000 ",3,2,"1,380"
"Austin, TX","1315 E M Franklin Ave, Austin, TX 78721","$550,000 ",3,3,"1,630"
"Austin, TX","17816 Dufour Dr, Austin, TX 78738","$725,000 ",5,4,"3,124"
"Austin, TX","1314 Westover Rd, Austin, TX 78703","$4,995,000 ",5,5,"4,350"
"Austin, TX","7805 Nutmeg Cv, Austin, TX 78750","$1,399,000 ",5,4,"3,960"
"Austin, TX","3707 Highland View Dr, Austin, TX 78731","$1,750,000 ",6,4,"2,549"
"Austin, TX","1529 Barton Springs Rd APT 16, Austin, TX 78704","$1,395,000 ",3,4,"2,822"
"Austin, TX","602 Cardenas Ln, Austin, TX 78748","$560,000 ",4,4,"2,364"
"Austin, TX","11212 Gorham Glen Ct, Austin, TX 78739","$749,500 ",4,2,"2,450"
"Austin, TX","7304 Duval St, Austin, TX 78752","$965,000 ",6,5,"3,904"
"Austin, TX","1201 Alguno Rd, Austin, TX 78757","$1,199,000 ",3,4,"3,022"
"Austin, TX","3613 Breckenridge Dr, Austin, TX 78744","$335,000 ",3,2,"1,220"
"Austin, TX","8905 Marybank Dr, Austin, TX 78750","$1,050,000 ",4,4,"3,367"
"Austin, TX","409 Wild Rose Dr, Austin, TX 78737","$635,000 ",4,3,"2,855"
"Austin, TX","2212 Mountain View Rd, Austin, TX 78703","$2,995,000 ",4,5,"3,870"
"Austin, TX","8708 Melshire Dr, Austin, TX 78757","$643,000 ",3,2,"1,758"
"Austin, TX","4413 Bucks Run, Austin, TX 78744","$459,900 ",4,4,"1,801"
"Austin, TX","5006 Lakeview Dr, Austin, TX 78732","$3,500,000 ",4,4,"5,247"
"Austin, TX","9005 Palace Pkwy, Austin, TX 78748","$389,900 ",3,2,"1,046"
"Austin, TX","10904 Gonzales Ranger Pass, Austin, TX 78754","$369,000 ",3,2,"1,508"
"Austin, TX","5802 Wagon Train Rd, Austin, TX 78749","$799,000 ",4,3,"2,510"
"Austin, TX","200 Lareina Dr, Austin, TX 78745","$599,000 ",2,3,"1,022"
"Austin, TX","1913 Stoneridge Rd, Austin, TX 78746","$1,250,000 ",3,3,"2,798"
"Austin, TX","11110 Shady Hollow Dr, Austin, TX 78748","$722,000 ",4,2,"2,734"
"Austin, TX","2500 Quarry Rd #1, Austin, TX 78703","$385,000 ",1,1,773
"Austin, TX","3306 Oak Aly, Austin, TX 78745","$425,000 ",3,2,"1,031"
"Austin, TX","2308 Arpdale St #1, Austin, TX 78704","$1,599,000 ",4,4,"2,782"
"Austin, TX","4501 Cleto St, Austin, TX 78725","$365,000 ",3,3,"1,701"
"Austin, TX","914 E 50th St, Austin, TX 78751","$524,444 ",2,2,"1,125"
"Austin, TX","6003 Marquesa Dr, Austin, TX 78731","$1,099,000 ",3,3,"2,599"
"Austin, TX","2807 S 5th St, Austin, TX 78704","$729,000 ",2,2,"1,008"
"Austin, TX","3220 Smoky Rdg #LOT A, Austin, TX 78730","$2,995,000 ",5,4,"4,001"
"Austin, TX","8536 Red Willow Dr, Austin, TX 78736","$485,000 ",3,3,"1,580"
"Austin, TX","7204 Rusty Fig Dr, Austin, TX 78750","$1,149,000 ",4,3,"2,922"
"Austin, TX","913 Duncan Ln #203, Austin, TX 78705","$357,000 ",1,1,701
"Austin, TX","14805 General Williamson Dr, Austin, TX 78734","$499,000 ",3,2,"1,098"
"Austin, TX","8105 Forest View Dr, Austin, TX 78737","$545,000 ",3,2,"1,773"
"Austin, TX","10921 Casitas Dr, Austin, TX 78717","$534,000 ",4,2,"1,920"
"Austin, TX","4704 Cypress Bnd, Austin, TX 78744","$382,500 ",2,2,"1,141"
"Austin, TX","10300 Peekston Dr, Austin, TX 78726","$750,000 ",4,3,"2,805"
"Austin, TX","3900 Sightline St, Austin, TX 78731","$875,000 ",4,4,"2,178"
"Austin, TX","9508 Colebrook St, Austin, TX 78749","$999,000 ",4,3,"3,722"
"Austin, TX","2814 Saratoga Dr, Austin, TX 78733","$965,000 ",3,2,"1,740"
"Austin, TX","3128 Flinders Reef Ln, Austin, TX 78728","$449,900 ",3,3,"2,262"
"Austin, TX","1210 Payne Ave, Austin, TX 78757","$1,849,990 ",4,4,"3,259"
"Austin, TX","4014 Emory Peak Pass, Austin, TX 78731","$885,000 ",3,4,"2,261"
"Austin, TX","2900 Grimes Ranch Rd, Austin, TX 78732","$850,000 ",4,3,"3,088"
"Austin, TX","1800 Poquito St, Austin, TX 78702","$1,150,000 ",3,3,"2,138"
"Austin, TX","2226 Westlake Dr #1, Austin, TX 78746","$1,199,000 ",3,2,"1,623"
"Austin, TX","137 Karen Hill Pl, Manchaca, TX 78652","$389,000 ",3,3,"1,659"
"Austin, TX","3305 Dalton St #2, Austin, TX 78745","$499,000 ",2,3,"1,012"
"Austin, TX","7709 Woodrow Ave, Austin, TX 78756","$520,000 ",3,2,"1,370"
"Austin, TX","6605 Willow Way, Austin, TX 78744","$275,000 ",3,2,960
"Austin, TX","4912 Avenue G, Austin, TX 78751","$889,000 ",4,3,"2,019"
"Austin, TX","11905 Mustang Chas, Austin, TX 78727","$1,625,000 ",4,3,"2,752"
"Austin, TX","12166 Metric Blvd APT 223, Austin, TX 78758","$180,000 ",1,1,559
"Austin, TX","7311 Broken Arrow Ln, Austin, TX 78745","$440,000 ",3,2,"1,109"
"Austin, TX","13566 Mesa Verde Dr, Austin, TX 78737","$619,000 ",3,2,"2,513"
"Austin, TX","8504 Apogee Blvd, Austin, TX 78744","$555,000 ",3,3,"2,483"
"Austin, TX","5607 Chadwyck Dr, Austin, TX 78723","$699,000 ",4,3,"2,020"
"Austin, TX","10208 Maydelle Dr, Austin, TX 78748","$415,000 ",3,3,"1,474"
"Austin, TX","1011 Austin Highlands Blvd, Austin, TX 78745","$380,000 ",3,2,"1,004"
"Austin, TX","1805 Waterston Ave, Austin, TX 78703","$4,349,000 ",5,5,"4,203"
"Austin, TX","4915 Ganymede Dr, Austin, TX 78727","$449,000 ",3,2,"1,380"
"Austin, TX","1202 Newning Ave APT 103, Austin, TX 78704","$385,000 ",3,2,"1,221"
"Austin, TX","3817 Gaines Ct, Austin, TX 78735","$795,000 ",3,3,"2,390"
"Austin, TX","500 Arbor Ln, Austin, TX 78745","$399,999 ",3,3,"1,498"
"Austin, TX","4906 Bob Cat Run, Austin, TX 78731","$999,900 ",4,4,"2,848"
"Austin, TX","10025 Majorca Dr, Austin, TX 78717","$700,000 ",4,2,"2,760"
"Austin, TX","8609 Camelia Ln, Austin, TX 78759","$850,000 ",4,3,"2,013"
"Austin, TX","14932 Cordero Dr, Austin, TX 78717","$649,000 ",3,3,"2,750"
"Austin, TX","5506 Teri Rd, Austin, TX 78744","$369,120 ",4,3,"1,491"
"Austin, TX","2101 Columbia Cv, Austin, TX 78723","$599,000 ",3,2,"1,936"
"Austin, TX","10705 Walebridge Ct, Austin, TX 78739","$825,000 ",5,4,"2,932"
"Austin, TX","5813 Medicine Creek Dr, Austin, TX 78735","$815,000 ",4,3,"3,051"
"Austin, TX","2114 Paramount Ave, Austin, TX 78704","$4,750,000 ",6,6,"5,162"
"Austin, TX","5601 Standing Rock Dr, Austin, TX 78730","$1,849,000 ",4,5,"4,660"
"Austin, TX","6507 Bridge Point Pkwy #VIOLET 1D, Austin, TX 78730","$4,100,000 ",3,3,"2,011"
"Austin, TX","1606 W 14th St, Austin, TX 78703","$1,295,000 ",3,2,"2,138"
"Austin, TX","2020 S Congress Ave APT 2205, Austin, TX 78704","$384,500 ",2,1,928
"Austin, TX","8400 Jamestown Dr APT 306, Austin, TX 78758","$260,000 ",2,2,968
"Austin, TX","4709 Camacho St, Austin, TX 78723","$1,450,000 ",4,4,"2,850"
"Austin, TX","2508 Keepsake Dr, Austin, TX 78745","$499,999 ",3,3,"1,844"
"Austin, TX","3463 N Hills Dr, Austin, TX 78731","$325,000 ",2,3,"1,520"
"Austin, TX","7909 Manassas Dr, Austin, TX 78745","$596,500 ",4,3,"1,876"
"Austin, TX","9013 Corran Ferry Dr, Austin, TX 78749","$475,000 ",4,3,"1,711"
"Austin, TX","5102 Buffalo Pass, Austin, TX 78745","$529,000 ",3,2,"1,160"
"Austin, TX","4503 Leatherleaf Trl, Austin, TX 78744","$413,000 ",3,2,"1,348"
"Austin, TX","1901 Steamboat Springs Cv, Austin, TX 78746","$1,600,000 ",5,4,"3,555"
"Austin, TX","2003 Sharon Ln, Austin, TX 78703","$5,745,000 ",6,8,"5,520"
"Austin, TX","1909 Alex Ave, Austin, TX 78728","$499,000 ",4,6,"2,210"
"Austin, TX","5406 Downs Dr #2, Austin, TX 78722","$499,000 ",2,2,"1,021"
"Austin, TX","5706 Creekbranch Cv, Austin, TX 78744","$389,900 ",3,2,"1,300"
"Austin, TX","6133 Old Fredericksburg Rd, Austin, TX 78749","$139,900 ",,,
"Austin, TX","937 E 53rd 1/2 St, Austin, TX 78751","$450,000 ",2,1,915
"Austin, TX","512 Eberhart Ln APT 1803, Austin, TX 78745","$349,900 ",2,2,"1,045"
"Austin, TX","6125 Soter Pkwy, Austin, TX 78735","$3,695,000 ",5,5,"5,216"
"Austin, TX","410 Krebs Ln #A, Austin, TX 78704","$1,449,999 ",4,4,"2,768"
"Austin, TX","913 Emerald Wood Dr, Austin, TX 78745","$535,000 ",4,2,"1,776"
"Austin, TX","9901 Bundoran Dr, Austin, TX 78717","$714,900 ",4,2,"2,864"
"Austin, TX","2810 Nueces St APT 205, Austin, TX 78705","$315,000 ",2,1,838
"Austin, TX","4701 Bandera Rd, Austin, TX 78721","$375,000 ",3,3,"2,205"
"Austin, TX","3511 Fawn Creek Path, Austin, TX 78746","$849,950 ",2,2,"1,872"
"Austin, TX","2401 Never Bend Cv, Austin, TX 78746","$3,295,000 ",5,6,"5,405"
"Austin, TX","4616 Hibiscus Valley Dr, Austin, TX 78739","$695,000 ",3,3,"2,141"
"Austin, TX","1500 W Lynn St APT 107, Austin, TX 78703","$599,000 ",2,3,"1,261"
"Austin, TX","54 Rainey St APT 621, Austin, TX 78701","$719,900 ",2,2,"1,164"
"Austin, TX","503 Lockhart Dr, Austin, TX 78704","$808,018 ",2,1,"1,039"
"Austin, TX","1905 Blue Crest Dr, Austin, TX 78704","$1,499,000 ",3,3,"2,185"
"Austin, TX","1207 Casey St #2, Austin, TX 78745","$534,000 ",2,2,981
"Austin, TX","7506 Delafield Ln #2, Austin, TX 78752","$680,000 ",3,4,"1,952"
"Austin, TX","7006 Meador Ave #B, Austin, TX 78752","$485,000 ",2,3,"1,089"
"Austin, TX","1929 Teagle Dr, Austin, TX 78741","$435,000 ",3,3,"1,631"
"Austin, TX","3509 Bratton Heights Dr, Austin, TX 78728","$390,000 ",3,3,"1,461"
"Austin, TX","2502 Southland Dr #A, Austin, TX 78704","$995,000 ",3,4,"1,890"
"Austin, TX","2804 Lafayette Ave #2, Austin, TX 78722","$645,000 ",2,2,953
"Austin, TX","6502 Krollton Dr, Austin, TX 78745","$529,000 ",3,2,"1,260"
"Austin, TX","4933 China Garden Dr, Austin, TX 78730","$869,000 ",5,3,"2,775"
"Austin, TX","4807 York Hill Dr, Austin, TX 78723","$600,000 ",4,4,"2,276"
"Austin, TX","143 Running Bird Rd, Austin, TX 78737","$825,000 ",4,5,"3,555"
"Austin, TX","1702 Kerr St, Austin, TX 78704","$2,999,900 ",4,4,"3,400"
"Austin, TX","2804 Water Bank Cv, Austin, TX 78746","$3,275,000 ",5,6,"4,964"
"Austin, TX","5308 Ankara Ct, Austin, TX 78730","$669,000 ",3,2,"2,173"
"Austin, TX","1708 Poppy Seed Ln, Austin, TX 78741","$494,900 ",4,3,"2,160"
"Austin, TX","2500 Enfield Rd APT 6, Austin, TX 78703","$449,000 ",2,2,951
"Austin, TX","2108 Tillery St #3101, Austin, TX 78723","$341,567 ",1,2,580
"Austin, TX","2329 Westlake Dr #10, Austin, TX 78746","$5,850,000 ",4,5,"3,776"
"Austin, TX","17029 Whispering Breeze Dr, Austin, TX 78738","$2,950,000 ",4,6,"5,379"
"Austin, TX","1009 Alden Dr, Austin, TX 78758","$425,000 ",4,2,"1,321"
"Austin, TX","13716 Loleta Way, Austin, TX 78717","$515,000 ",4,2,"1,738"
"Austin, TX","9606 Bitternut Cv, Austin, TX 78759","$1,475,000 ",4,3,"3,880"
"Austin, TX","1190 Sarabeth Way, Austin, TX 78721","$495,000 ",2,3,"1,244"
"Austin, TX","4800 Duval St, Austin, TX 78751","$599,000 ",3,1,"1,066"
"Austin, TX","4100 Taniguchi St, Austin, TX 78723","$769,000 ",2,3,"1,450"
"Austin, TX","11307 Pickfair Dr, Austin, TX 78750","$775,000 ",4,3,"2,278"
"Austin, TX","9510 Quail Ct, Austin, TX 78758","$575,000 ",3,2,"1,589"
"Austin, TX","151 Unbridled, Austin, TX 78737","$1,300,000 ",4,3,"3,353"
"Austin, TX","3802 Stevenson Ave, Austin, TX 78703","$2,875,000 ",4,4,"3,299"
"Austin, TX","9931 Barbrook Dr, Austin, TX 78726","$799,000 ",4,3,"2,961"
"Austin, TX","6801 Beckett Rd UNIT 137R, Austin, TX 78749","$385,000 ",2,2,"1,027"
"Austin, TX","4405 Pamona Dr #A, Austin, TX 78727","$399,995 ",3,2,"1,050"
"Austin, TX","2505 Bluebonnet Ave #6, Austin, TX 78704","$719,999 ",2,3,"1,519"
"Austin, TX","4900 Brook Crest Rd, Austin, TX 78744","$299,999 ",4,2,"1,300"
"Austin, TX","1114 Spearson Ln, Austin, TX 78745","$549,000 ",3,2,"1,340"
"Austin, TX","9518 Topridge Dr APT 45, Austin, TX 78750","$464,900 ",3,3,"1,761"
"Austin, TX","1605 Bowerton Dr, Austin, TX 78754","$430,000 ",4,3,"2,450"
"Austin, TX","Porter Plan, Cascades at Onion Creek","$386,000+",3,2,"1,594"
"Austin, TX","3501 Lynnbrook Dr, Austin, TX 78748","$659,000 ",5,5,"3,713"
"Austin, TX","3511 Hollywood Ave, Austin, TX 78722","$625,000 ",3,2,"1,270"
"Austin, TX","2505 San Gabriel St APT 608, Austin, TX 78705","$409,900 ",3,2,994
"Austin, TX","6312 Dorchester Dr, Austin, TX 78723","$435,000 ",3,2,"1,350"
"Austin, TX","4600 Manzanillo Dr, Austin, TX 78749","$460,000 ",3,2,"1,226"
"Austin, TX","6013 Silver Luna Way, Austin, TX 78738","$2,950,000 ",5,6,"5,156"
"Austin, TX","5910 Northwest Pl, Austin, TX 78731","$1,950,000 ",6,4,"4,457"
"Austin, TX","15514 Cadoz Dr, Austin, TX 78728","$459,500 ",3,2,"2,046"
"Austin, TX","5520 Pine Pl, Austin, TX 78744","$489,000 ",3,2,"1,486"
"Austin, TX","205 E 35th St, Austin, TX 78705","$1,225,000 ",5,3,"2,389"
"Austin, TX","9408 Eddystone St, Austin, TX 78729","$450,000 ",3,2,"1,817"
"Austin, TX","4609 Cedargrove Dr, Austin, TX 78744","$379,000 ",3,2,"1,120"
"Austin, TX","3704 Wilson St, Austin, TX 78704","$650,000 ",3,3,"1,100"
"Austin, TX","1516 Forest Trl, Austin, TX 78703","$3,500,000 ",4,4,"4,207"
"Austin, TX","Lewisville Plan, The Hills of Bear Creek","$592,490+",4,3,"2,803"
"Austin, TX","301 Villa Oaks Cir, Austin, TX 78745","$550,000 ",4,4,"2,068"
"Austin, TX","10212 Lone Pine Ln, Austin, TX 78747","$325,000 ",3,2,"1,220"
"Austin, TX","1911 Prairie Knoll Ct, Austin, TX 78758","$485,000 ",4,4,"1,868"
"Austin, TX","5700 Limerock Holw, Austin, TX 78744","$350,000 ",3,2,"1,269"
"Austin, TX","1503 Bridgeway Dr #A, Austin, TX 78704","$475,000 ",2,2,"1,152"
"Austin, TX","9701 Murmuring Creek Dr, Austin, TX 78736","$735,000 ",3,2,"1,876"
"Austin, TX","1508 Chelsea Ln, Austin, TX 78704","$749,000 ",3,2,"1,628"
"Austin, TX","9913 Oak Hollow Dr, Austin, TX 78758","$409,000 ",4,2,"1,392"
"Austin, TX","5505 Emerald Forest Dr, Austin, TX 78745","$1,485,000 ",4,3,"3,176"
"Austin, TX","814 N Bluff Dr #71, Austin, TX 78745","$440,000 ",3,3,"1,498"
"Austin, TX","3704 Dover Ferry Xing, Austin, TX 78728","$450,000 ",3,3,"1,886"
"Austin, TX","6105 Conti Ct #A, Austin, TX 78744","$290,000 ",2,3,"1,096"
"Austin, TX","5704 Janabyrd Ln, Austin, TX 78749","$540,000 ",3,2,"1,459"
"Austin, TX","2600 Gadwall Cv, Austin, TX 78748","$425,000 ",3,2,"1,353"
"Austin, TX","4604 Fawnwood Cv, Austin, TX 78735","$1,200,000 ",4,3,"2,530"
"Austin, TX","Unit 1 - Plan 2521 Plan, The Enclave at Dulce Lane","$1,149,900+",3,4,"2,501"
"Austin, TX","800 Brazos St UNIT 705, Austin, TX 78701","$425,000 ",1,1,891
"Austin, TX","6222 Ledge Mountain Dr, Austin, TX 78731","$1,600,000 ",3,3,"2,495"
"Austin, TX","1005 Bluebonnet Ln, Austin, TX 78704","$1,855,000 ",3,3,"2,172"
"Austin, TX","1319 Westmoor Dr, Austin, TX 78723","$850,000 ",3,2,"2,352"
"Austin, TX","2320 Gracy Farms Ln APT 1331, Austin, TX 78758","$379,000 ",3,2,"1,192"
"Austin, TX","1100 Justin Ln, Austin, TX 78757","$699,000 ",3,3,"1,539"
"Austin, TX","KENTON Plan, Provence","$989,900+",4,4,"3,757"
"Austin, TX","2614 Ravello Ridge Dr, Austin, TX 78735","$3,599,000 ",5,7,"5,954"
"Austin, TX","5006 Gladeview Dr #B, Austin, TX 78745","$575,000 ",2,3,"1,068"
"Austin, TX","10300 Morado Cv APT 906, Austin, TX 78759","$575,000 ",3,3,"2,241"
"Austin, TX","10908 River Terrace Cir, Austin, TX 78733","$3,500,000 ",4,4,"3,387"
"Austin, TX","5603 Manor Rd #A, Austin, TX 78723","$579,000 ",3,3,"1,615"
"Austin, TX","1115 Gillespie Pl, Austin, TX 78704","$5,700,000 ",4,5,"4,032"
"Austin, TX","13804 Cibolo Trce, Austin, TX 78717","$649,000 ",4,4,"2,338"
"Austin, TX","2335 Westoak Dr, Austin, TX 78704","$3,650,000 ",4,5,"3,899"
"Austin, TX","3212 Bonnie Rd, Austin, TX 78703","$1,590,000 ",3,3,"2,312"
"Austin, TX","5617 Signal Poin, Austin, TX 78724","$365,000 ",3,2,"1,075"
"Austin, TX","1504 University Club Dr, Austin, TX 78732","$2,580,000 ",5,6,"5,074"
"Austin, TX","6709 Roseborough Dr, Austin, TX 78747","$339,900 ",3,2,"1,752"
"Austin, TX","10204 Treasure Island Dr, Austin, TX 78730","$1,050,000 ",4,4,"3,504"
"Austin, TX","712 Vargas Rd UNIT 2, Austin, TX 78741","$440,000 ",2,2,"1,003"
"Austin, TX","805 Salem Ln, Austin, TX 78753","$550,000 ",4,3,"1,850"
"Austin, TX","2704 Mountain Laurel Dr, Austin, TX 78703","$5,450,000 ",5,6,"4,665"
"Austin, TX","2105 Taylor Simonetti Ave, Austin, TX 78728","$485,000 ",3,2,"2,272"
"Austin, TX","1705 Newfield Ln, Austin, TX 78703","$699,000 ",3,2,"1,381"
"Austin, TX","2000 Greenwood Ave #B, Austin, TX 78723","$800,000 ",3,4,"1,979"
"Austin, TX","1106 Mariposa Dr #B, Austin, TX 78704","$800,000 ",2,2,"1,100"
"Austin, TX","Anglin Ln, Austin, TX 78737","$250,000 ",,,
"Austin, TX","14124 Running Deer Trl, Austin, TX 78734","$975,000 ",3,3,"2,375"
"Austin, TX","909 Reinli St APT 122, Austin, TX 78751","$240,000 ",1,1,582
"Austin, TX","312 W 39th St, Austin, TX 78751","$675,000 ",2,2,"1,108"
"Austin, TX","8207 Kearsarge Dr, Austin, TX 78745","$529,000 ",3,2,"1,372"
"Austin, TX","2632 W 49th St, Austin, TX 78731","$2,290,000 ",4,4,"3,187"
"Austin, TX","302 Tilbury Ln, Austin, TX 78745","$375,000 ",4,1,"1,120"
"Austin, TX","907 E 53rd St, Austin, TX 78751","$479,000 ",3,2,"1,104"
"Austin, TX","1617 Elmhurst Dr, Austin, TX 78741","$700,000 ",3,3,"1,886"
"Austin, TX","5210 Medford Dr, Austin, TX 78723","$525,000 ",3,2,"1,068"
"Austin, TX","3631 Kentfield Rd, Austin, TX 78759","$494,500 ",3,2,"1,519"
"Austin, TX","6708 Modesto Street, Austin, TX 78757","$499,000 ",3,2,"1,300"
"Austin, TX","12020 Pepperidge Dr, Austin, TX 78739","$798,990 ",4,4,"3,171"
"Austin, TX","4819 Spicewood Springs Rd, Austin, TX 78759","$1,190,000 ",3,3,"3,083"
"Austin, TX","10300 Milky Way Dr, Austin, TX 78730","$2,599,000 ",5,6,"5,362"
"Austin, TX","10217B River Plantation Dr, Austin, TX 78747","$475,000 ",3,2,"2,282"
"Austin, TX","2925 Fleet Dr, Austin, TX 78748","$500,000 ",3,3,"2,190"
"Austin, TX","7500 Whispering Oaks Dr, Austin, TX 78745","$575,000 ",4,2,"1,393"
"Austin, TX","1000 Shelley Ave, Austin, TX 78703","$4,200,000 ",5,4,"3,087"
"Austin, TX","6217 Avery Island Ave, Austin, TX 78727","$409,000 ",2,2,"1,188"
"Austin, TX","6229 Minnoch Ln, Austin, TX 78754","$385,000 ",4,3,"2,305"
"Austin, TX","9709 Monarch Ln, Austin, TX 78724","$999,999 ",4,4,"3,145"
"Austin, TX","6900 E Riverside Dr UNIT 17, Austin, TX 78741","$319,000 ",2,3,"1,312"
"Austin, TX","13003 Huntwood Cv, Austin, TX 78729","$575,000 ",4,3,"2,647"
"Austin, TX","1108 Marly Way, Austin, TX 78733","$3,495,000 ",4,5,"4,621"
"Austin, TX","13012 Debarr Dr, Austin, TX 78729","$465,000 ",3,2,"1,490"
"Austin, TX","9910 Turman Cv, Austin, TX 78730","$1,199,000 ",4,4,"3,509"
"Austin, TX","11700 Swan Dr, Austin, TX 78750","$950,000 ",4,3,"3,410"
"Austin, TX","6210 Mountain Shadows Dr, Austin, TX 78735","$599,998 ",3,2,"1,427"
"Austin, TX","11017 Cap Stone Dr, Austin, TX 78739","$850,000 ",4,3,"2,815"
"Austin, TX","606 W Lynn St APT 27, Austin, TX 78703","$599,000 ",2,3,"1,156"
"Austin, TX","7308 Rimcrest Cv #A-8, Austin, TX 78735","$599,000 ",5,3,"2,574"
"Austin, TX","2514 Wilson St, Austin, TX 78704","$1,350,000 ",5,3,"3,674"
"Austin, TX","8945 Parker Ranch Cir #B, Austin, TX 78748","$439,000 ",3,3,"1,741"
"Austin, TX","208 Park Ln, Austin, TX 78704","$2,195,000 ",3,4,"2,300"
"Austin, TX","800 W Lynn St, Austin, TX 78703","$1,875,000 ",4,3,"2,736"
"Austin, TX","12504 Shady Oaks Ter, Austin, TX 78729","$555,000 ",3,3,"1,686"
"Austin, TX","6615 La Concha Pass, Austin, TX 78749","$1,420,000 ",5,5,"4,558"
"Austin, TX","2409 Arpdale St, Austin, TX 78704","$1,250,000 ",3,2,"1,666"
"Austin, TX","2525 Ionian Cv, Austin, TX 78730","$2,150,000 ",5,5,"4,606"
"Austin, TX","6813 Estana Ln, Austin, TX 78739","$829,000 ",5,3,"3,041"
"Austin, TX","10528 Redmond Rd, Austin, TX 78739","$675,000 ",4,2,"2,289"
"Austin, TX","7101 Beckett Rd, Austin, TX 78749","$659,000 ",4,3,"2,013"
"Austin, TX","5905 Eureka Dr, Austin, TX 78745","$425,000 ",3,2,"1,489"
"Austin, TX","5603 Roosevelt Ave, Austin, TX 78756","$449,000 ",2,3,"1,032"
"Austin, TX","3010 Webberville Rd #1, Austin, TX 78702","$795,000 ",4,3,"2,067"
"Austin, TX","2508 Enfield Rd APT 15, Austin, TX 78703","$515,000 ",2,2,889
"Austin, TX","3405 Winding Creek Dr, Austin, TX 78735","$2,750,000 ",4,5,"5,323"
"Austin, TX","3612 Aspen Creek Pkwy, Austin, TX 78749","$585,000 ",3,2,"2,339"
"Austin, TX","11017 Zoeller Dr, Austin, TX 78747","$454,999 ",4,3,"2,278"
"Austin, TX","1821 Westlake Dr APT 124, Austin, TX 78746","$965,900 ",2,2,"1,838"
"Austin, TX","1400 Choquette Dr, Austin, TX 78757","$1,850,000 ",5,5,"3,168"
"Austin, TX","1403 Springdale Rd, Austin, TX 78721","$529,000 ",3,3,"1,664"
"Austin, TX","2303 McCullough St, Austin, TX 78703","$1,890,000 ",4,4,"2,688"
"Austin, TX","7725 Woodrow Ave, Austin, TX 78757","$595,000 ",3,2,"1,631"
"Austin, TX","6712 Canal St, Austin, TX 78741","$450,000 ",3,2,"1,160"
"Austin, TX","8005 Caribou Parke Cv, Austin, TX 78726","$599,000 ",4,3,"2,750"
"Austin, TX","8701 Crest Ridge Cir, Austin, TX 78750","$674,900 ",4,3,"2,460"
"Austin, TX","1502 North St UNIT A, Austin, TX 78756","$599,990 ",3,3,"1,535"
"Austin, TX","1308 W Saint Johns Ave #1, Austin, TX 78757","$899,000 ",4,3,"1,960"
"Austin, TX","6903 Deatonhill Dr APT 15, Austin, TX 78745","$159,900 ",,1,476
"Austin, TX","3010 Webberville Rd #2, Austin, TX 78702","$599,900 ",2,3,"1,016"
"Austin, TX","7503 Hill Meadow Cir, Austin, TX 78736","$525,000 ",3,2,"1,594"
"Austin, TX","6718 Silvermine Dr APT 404, Austin, TX 78736","$275,000 ",2,2,"1,072"
"Austin, TX","3400 Clarksburg Dr, Austin, TX 78745","$495,000 ",3,2,"1,503"
"Austin, TX","3705 Lagood Dr, Austin, TX 78730","$1,500,000 ",4,5,"3,900"
"Austin, TX","2008 E 17th Rd, Austin, TX 78702","$1,350,000 ",4,4,"3,034"
"Austin, TX","1402 Meander Dr #B, Austin, TX 78721","$499,900 ",2,3,"1,242"
"Austin, TX","1710 E 14th St #B, Austin, TX 78702","$850,000 ",3,3,"1,869"
"Austin, TX","10221 Fossmoor St, Austin, TX 78717","$1,329,000 ",4,4,"4,309"
"Austin, TX","2903 E 14th St #2, Austin, TX 78702","$445,000 ",1,1,550
